<keymap version="1" name="Visual Studio copy" parent="Visual Studio">
  <action id="EditorSelectWord">
    <keyboard-shortcut first-keystroke="ctrl alt right" />
  </action>
  <action id="Jdbc.OpenConsole.New">
    <keyboard-shortcut first-keystroke="shift ctrl alt q" />
  </action>
  <action id="ShowErrorDescription">
    <keyboard-shortcut first-keystroke="ctrl f1" />
    <keyboard-shortcut first-keystroke="alt t" />
    <keyboard-shortcut first-keystroke="ctrl w" />
  </action>
  <action id="com.jetbrains.rider.interactive.csi.StartCSharpInteractive">
    <keyboard-shortcut first-keystroke="shift ctrl q" />
  </action>
</keymap>